"year","rank","name","position","age","nationality","club","league"
"2012",1,"Lionel Messi","Forward",25,"Argentina","Barcelona","Spain"
"2012",2,"Cristiano Ronaldo","Forward",27,"Portugal","Real Madrid","Spain"
"2012",3,"Xavi","Midfielder",32,"Spain","Barcelona","Spain"
"2012",4,"Andres Iniesta","Midfielder",28,"Spain","Barcelona","Spain"
"2012",5,"Zlatan Ibrahimovic","Forward",31,"Sweden","Paris Saint-Germain","France"
"2012",6,"Radamel Falcao","Forward",26,"Colombia","Atlético Madrid","Spain"
"2012",7,"Robin van Persie","Forward",29,"Netherlands","Manchester United","England"
"2012",8,"Andrea Pirlo","Midfielder",33,"Italy","Juventus","Italy"
"2012",9,"Yaya Toure","Midfielder",27,"Ivory Coast","Manchester City","England"
"2012",10,"Edinson Cavani","Forward",25,"Uruguay","Napoli","Italy"
"2012",11,"Sergio Aguero","Forward",24,"Argentina","Manchester City","England"
"2012",12,"Iker Casillas","Goalkeeper",31,"Spain","Real Madrid","Spain"
"2012",13,"Neymar","Forward",20,"Brazil","Santos","Brazil"
"2012",14,"Sergio Busquets","Defender/midfielder",24,"Spain","Barcelona","Spain"
"2012",15,"Xabi Alonso","Midfielder",31,"Spain","Real Madrid","Spain"
"2012",16,"Thiago Silva","Defender",28,"Brazil","Paris Saint-Germain","France"
"2012",17,"Mesut Ozil","Midfielder",24,"Germany","Real Madrid","Spain"
"2012",18,"David Silva","Midfielder/forward",26,"Spain","Manchester City","England"
"2012",19,"Bastian Schweinsteiger","Midfielder",28,"Germany","Bayern Munich","Germany"
"2012",20,"Gianluigi Buffon","Goalkeeper",34,"Italy","Juventus","Italy"
"2012",21,"Luis Suarez","Forward",25,"Uruguay","Liverpool","England"
"2012",22,"Sergio Ramos","Defender",26,"Spain","Real Madrid","Spain"
"2012",23,"Vincent Kompany","Defender",26,"Belgium","Manchester City","England"
"2012",24,"Gerard Pique","Defender",25,"Spain","Barcelona","Spain"
"2012",25,"Philipp Lahm","Defender",29,"Germany","Bayern Munich","Germany"
"2012",26,"Willian","Midfielder",24,"Brazil","Shakhtar Donetsk","Ukraine"
"2012",27,"Marco Reus","Forward",23,"Germany","Borussia Dortmund","Germany"
"2012",28,"Franck Ribery","Midfielder",29,"France","Bayern Munich","Germany"
"2012",29,"Manuel Neuer","Goalkeeper",26,"Germany","Bayern Munich","Germany"
"2012",30,"Ashley Cole","Defender",32,"England","Chelsea","England"
"2012",31,"Wayne Rooney","Forward",27,"England","Manchester United","England"
"2012",32,"Juan Mata","Midfielder",24,"Spain","Chelsea","England"
"2012",33,"Thomas Muller","Forward",23,"Germany","Bayern Munich","Germany"
"2012",34,"Mario Götze","Midfielder/forward",20,"Germany","Borussia Dortmund","Germany"
"2012",35,"Karim Benzema","Forward",24,"France","Real Madrid","Spain"
"2012",36,"Cesc Fabregas","Midfielder",25,"Spain","Barcelona","Spain"
"2012",37,"Oscar","Midfielder",21,"Brazil","Chelsea","England"
"2012",38,"Fernandinho","Midfielder",27,"Brazil","Shakhtar Donetsk","Ukraine"
"2012",39,"Javier Mascherano","Defender/midfielder",28,"Argentina","Barcelona","Spain"
"2012",40,"Gareth Bale","Defender",23,"Wales","Tottenham Hotspur","England"
"2012",41,"Javier Zanetti","Defender/midfielder",39,"Argentina","Internazionale","Italy"
"2012",42,"Daniele De Rossi","Midfielder",29,"Italy","Roma","Italy"
"2012",43,"Dani Alves","Defender",29,"Brazil","Barcelona","Spain"
"2012",44,"Petr Cech","Goalkeeper",30,"Czech Republic","Chelsea","England"
"2012",45,"Mats Hummels","Defender",24,"Germany","Borussia Dortmund","Germany"
"2012",46,"Carles Puyol","Defender",34,"Spain","Barcelona","Spain"
"2012",47,"Angel Di Maria","Midfielder",24,"Argentina","Real Madrid","Spain"
"2012",48,"Carlos Tevez","Forward",28,"Argentina","Manchester City","England"
"2012",49,"Didier Drogba","Forward",34,"Ivory Coast","Shanghai Shenhua","China"
"2012",50,"Giorgio Chiellini","Defender",28,"Italy","Juventus","Italy"
"2012",51,"Marcelo","Defender",24,"Brazil","Real Madrid","Spain"
"2012",52,"Stephan El Shaarawy","Forward",20,"Italy","Milan","Italy"
"2012",53,"Toni Kroos","Midfielder",22,"Germany","Bayern Munich","Germany"
"2012",54,"Samuel Eto’o","Forward",31,"Cameroon","Anzhi Makhachkala","Russia"
"2012",55,"Jordi Alba","Defender/midfielder",23,"Spain","Barcelona","Spain"
"2012",56,"Mario Gomez","Forward",27,"Germany","Bayern Munich","Germany"
"2012",57,"Arturo Vidal","Midfielder",25,"Chile","Juventus","Italy"
"2012",58,"Eden Hazard","Midfielder",21,"Belgium","Chelsea","England"
"2012",59,"James Rodriguez","Midfielder",21,"Colombia","Porto","Portugal"
"2012",60,"Marouane Fellaini","Midfielder",25,"Belgium","Everton","England"
"2012",61,"Ramires","Midfielder",25,"Brazil","Chelsea","England"
"2012",62,"David Villa","Forward",31,"Spain","Barcelona","Spain"
"2012",63,"Klaas Jan Huntelaar","Forward",29,"Netherlands","Schalke","Germany"
"2012",64,"Nemanja Vidic","Defender",31,"Serbia","Manchester United","England"
"2012",65,"Joe Hart","Goalkeeper",25,"England","Manchester City","England"
"2012",66,"Arjen Robben","Midfielder/forward",28,"Netherlands","Bayern Munich","Germany"
"2012",67,"Mario Balotelli","Forward",22,"Italy","Manchester City","England"
"2012",68,"Mathieu Valbuena","Midfielder",28,"France","Marseille","France"
"2012",69,"Pierre-Emerick Aubameyang","Forward",23,"Gabon","St Etienne","France"
"2012",70,"Robert Lewandowski","Forward",24,"Poland","Borussia Dortmund","Germany"
"2012",71,"Hernanes","Midfielder",27,"Brazil","Lazio","Italy"
"2012",72,"Pedro","Forward",25,"Spain","Barcelona","Spain"
"2012",73,"Santi Cazorla","Midfielder",28,"Spain","Arsenal","England"
"2012",74,"Christian Eriksen","Midfielder",20,"Denmark","Ajax","Netherlands"
"2012",75,"Ezequiel Lavezzi","Forward",27,"Argentina","Paris Saint-Germain","France"
"2012",76,"Joao Moutinho","Midfielder",26,"Portugal","Porto","Portugal"
"2012",77,"Mario Mandžukić","Forward",26,"Croatian","Bayern Munich","Germany"
"2012",78,"Patrice Evra","Defender",31,"France","Manchester United","England"
"2012",79,"David Luiz","Defender",25,"Brazil","Chelsea","England"
"2012",80,"Luka Modric","Midfielder",27,"Croatia","Real Madrid","Spain"
"2012",81,"Victor Wanyama","Defender/midfielder",21,"Kenya","Celtic","Scotland"
"2012",82,"Mapou Yanga-M'Biwa","Defender",23,"France","Montpelier","France"
"2012",83,"Hulk","Forward",26,"Brazil","Zenit St Petersburg","Russia"
"2012",84,"Darijo Srna","Midfielder",30,"Croatia","Shakhtar Donetsk","Ukraine"
"2012",85,"Emmanuel Mayuka","Forward",22,"Zambia","Southampton","England"
"2012",86,"John Terry","Defender",32,"England","Chelsea","England"
"2012",87,"Kwadwo Asamoah","Midfielder",24,"Ghana","Juventus","Italy"
"2012",88,"Leonardo Bonucci","Defender",25,"Italy","Juventus","Italy"
"2012",89,"Javier Pastore","Midfielder",23,"Argentina","Paris Saint-Germain","France"
"2012",90,"Henrikh Mkhitaryan","Midfielder/forward",23,"Armenia","Shakhtar Donetsk","Ukraine"
"2012",91,"Moussa Dembele","Midfielder",25,"Belgium","Tottenham Hotspur","England"
"2012",92,"Hatem Ben Arfa","Midfielder/forward",25,"France","Newcastle United","England"
"2012",93,"Samir Nasri","Midfielder",25,"France","Manchester City","England"
"2012",94,"Shinji Kagawa","Midfielder",23,"Japan","Manchester United","England"
"2012",95,"Wesley Sneijder","Midfielder",28,"Netherlands","Internazionale","Italy"
"2012",96,"Pepe","Defender",29,"Portugal","Real Madrid","Spain"
"2012",97,"Marek Hamsik","Midfielder",25,"Slovakia","Napoli","Italy"
"2012",98,"Javi Martinez","Defender/midfielder",24,"Spain","Bayern Munich","Germany"
"2012",99,"Diego Forlan","Forward",33,"Uruguay","Internazionale","Italy"
"2012",100,"Paulinho","Midfielder",24,"Brazil","Corinthians","Brazil"
"2013",1,"Lionel Messi","Forward",26,"Argentina","Barcelona","Spain"
"2013",2,"Cristiano Ronaldo","Forward",28,"Portugal","Real Madrid","Spain"
"2013",3,"Zlatan Ibrahimovic","Forward",32,"Sweden","Paris Saint-Germain","France"
"2013",4,"Franck Ribery","Midfielder",30,"France","Bayern Munich","Germany"
"2013",5,"Andres Iniesta","Midfielder",29,"Spain","Barcelona","Spain"
"2013",6,"Neymar","Forward",21,"Brazil","Barcelona","Spain"
"2013",7,"Gareth Bale","Midfielder",24,"Wales","Real Madrid","Spain"
"2013",8,"Xavi","Midfielder",33,"Spain","Barcelona","Spain"
"2013",9,"Luis Suarez","Forward",26,"Uruguay","Liverpool","England"
"2013",10,"Sergio Aguero","Forward",25,"Argentina","Manchester City","England"
"2013",11,"Robin van Persie","Forward",30,"Netherlands","Manchester United","England"
"2013",12,"Mesut Ozil","Midfielder",25,"Germany","Arsenal","England"
"2013",13,"Edinson Cavani","Forward",26,"Uruguay","Napoli","Italy"
"2013",14,"Arjen Robben","Midfielder/forward",29,"Netherlands","Bayern Munich","Germany"
"2013",15,"Philipp Lahm","Defender",30,"Germany","Bayern Munich","Germany"
"2013",16,"Radamel Falcao","Forward",27,"Colombia","Atlético Madrid","Spain"
"2013",17,"Thiago Silva","Defender",29,"Brazil","Paris Saint-Germain","France"
"2013",18,"Robert Lewandowski","Forward",25,"Poland","Borussia Dortmund","Germany"
"2013",19,"Yaya Toure","Midfielder",30,"Ivory Coast","Manchester City","England"
"2013",20,"Bastian Schweinsteiger","Midfielder",29,"Germany","Bayern Munich","Germany"
"2013",21,"Andrea Pirlo","Midfielder",34,"Italy","Juventus","Italy"
"2013",22,"Manuel Neuer","Goalkeeper",27,"Germany","Bayern Munich","Germany"
"2013",23,"Marco Reus","Midfielder/forward",24,"Germany","Borussia Dortmund","Germany"
"2013",24,"Gianluigi Buffon","Goalkeeper",35,"Italy","Juventus","Italy"
"2013",25,"Thomas Muller","Forward",24,"Germany","Bayern Munich","Germany"
"2013",26,"Arturo Vidal","Midfielder",26,"Chile","Juventus","Italy"
"2013",27,"Sergio Busquets","Midfielder",25,"Spain","Barcelona","Spain"
"2013",28,"Wayne Rooney","Forward",28,"England","Manchester United","England"
"2013",29,"Cesc Fabregas","Midfielder",26,"Spain","Barcelona","Spain"
"2013",30,"Juan Mata","Midfielder",25,"Spain","Chelsea","England"
"2013",31,"Francesco Totti","Forward",37,"Italy","Roma","Italy"
"2013",32,"David Silva","Midfielder",27,"Spain","Manchester City","England"
"2013",33,"Mario Balotelli","Forward",23,"Italy","Milan","Italy"
"2013",34,"Mario Götze","Midfielder/forward",21,"Germany","Borussia Dortmund","Germany"
"2013",35,"Diego da Silva Costa","Forward",25,"Brazil","Atlético Madrid","Spain"
"2013",36,"Oscar","Midfielder",22,"Brazil","Chelsea","England"
"2013",37,"Xabi Alonso","Midfielder",32,"Spain","Real Madrid","Spain"
"2013",38,"Daniele De Rossi","Midfielder",30,"Italy","Roma","Italy"
"2013",39,"Gerard Pique","Defender",26,"Spain","Barcelona","Spain"
"2013",40,"Toni Kroos","Midfielder",23,"Germany","Bayern Munich","Germany"
"2013",41,"Dani Alves","Defender",30,"Brazil","Barcelona","Spain"
"2013",42,"Vincent Kompany","Defender",27,"Belgium","Manchester City","England"
"2013",43,"David Alaba","Defender/Midfielder",21,"Austria","Bayern Munich","Germany"
"2013",44,"Ilkay Gündogan","Midfielder",23,"Germany","Borussia Dortmund","Germany"
"2013",45,"Sergio Ramos","Defender",27,"Spain","Real Madrid","Spain"
"2013",46,"Carlos Tevez","Forward",29,"Argentina","Juventus","Italy"
"2013",47,"Thibaut Courtois","Goalkeeper",21,"Belgium","Atlético Madrid","Spain"
"2013",48,"Mario Mandzukic","Forward",27,"Croatia","Bayern Munich","Germany"
"2013",49,"Aaron Ramsey","Midfielder",22,"Wales","Arsenal","England"
"2013",50,"David Luiz","Defender",26,"Brazil","Chelsea","England"
"2013",51,"Nemanja Vidic","Defender",32,"Serbia","Manchester United","England"
"2013",52,"Axel Witsel","Midfielder",24,"Belgium","Zenit St Petersburg","Russia"
"2013",53,"Dante","Defender",30,"Brazil","Bayern Munich","Germany"
"2013",54,"Giuseppe Rossi","Forward",26,"Italy","Fiorentina","Italy"
"2013",55,"Karim Benzema","Forward",26,"France","Real Madrid","Spain"
"2013",56,"Gonzalo Higuain","Striker",26,"Argentina","Napoli","Italy"
"2013",57,"Jan Vertonghen","Defender",26,"Belgium","Tottenham Hotspur","England"
"2013",58,"Marek Hamsik","Midfielder",26,"Slovakia","Napoli","Italy"
"2013",59,"Paulinho","Midfielder",25,"Brazil","Tottenham Hotspur","England"
"2013",60,"Marcelo","Defender",25,"Brazil","Real Madrid","Spain"
"2013",61,"Luka Modric","Midfielder",28,"Croatia","Real Madrid","Spain"
"2013",62,"Kevin Strootman","Midfielder",23,"Netherlands","Roma","Italy"
"2013",63,"Javier Mascherano","Defender/midfielder",29,"Argentina","Barcelona","Spain"
"2013",64,"Hugo Lloris","Goalkeeper",26,"France","Tottenham Hotspur","England"
"2013",65,"Petr Cech","Goalkeeper",31,"Czech Republic","Chelsea","England"
"2013",66,"Mats Hummels","Defender",25,"Germany","Borussia Dortmund","Germany"
"2013",67,"Santi Cazorla","Midfielder",29,"Spain","Arsenal","England"
"2013",68,"Keisuke Honda","Midfielder",27,"Japan","CSKA Moscow","Russia"
"2013",69,"Víctor Valdés","Goalkeeper",31,"Spain","Barcelona","Spain"
"2013",70,"Arda Turan","Midfielder/Forward",26,"Turkey","Atlético Madrid","Spain"
"2013",71,"Federico Marchetti","Goalkeeper",30,"Italy","Lazio","Italy"
"2013",72,"Angel Di Maria","Midfielder",25,"Argentina","Real Madrid","Spain"
"2013",73,"Álvaro Negredo","Forward",28,"Spain","Manchester City","England"
"2013",74,"Laurent Koscielny","Defender",28,"France","Arsenal","England"
"2013",75,"Toby Alderweireld","Defender",24,"Belgium","Atlético Madrid","Spain"
"2013",76,"Marco Verratti","Midfielder",21,"Italy","Paris Saint-Germain","France"
"2013",77,"Pablo Zabaleta","Defender",28,"Argentina","Manchester City","England"
"2013",78,"Dario Conca","Midfielder",30,"Argentina","Guangzhou Evergrande","China"
"2013",79,"Pierre-Emerick Aubameyang","Forward",24,"Gabon","Borussia Dortmund","Germany"
"2013",80,"Michu","Forward",27,"Spain","Swansea City","England"
"2013",81,"Miralem Pjanic","Midfielder",23,"Bosnia-Herzegovina","Roma","Italy"
"2013",82,"Samir Handanovic","Goalkeeper",29,"Slovenia","Internazionale","Italy"
"2013",83,"Samuel Eto’o","Forward",32,"Cameroon","Chelsea","England"
"2013",84,"Juan Zuniga","Defender",28,"Colombia","Napoli","Italy"
"2013",85,"Lukasz Piszczek","Defender",28,"Poland","Borussia Dortmund","Germany"
"2013",86,"Marquinhos","Defender",19,"Brazil","Paris Saint-Germain","France"
"2013",87,"Mehdi Benatia","Defender",26,"Morocco","Roma","Italy"
"2013",88,"Frank Lampard","Midfielder",35,"England","Chelsea","England"
"2013",89,"Shinji Kagawa","Midfielder",24,"Japan","Manchester United","England"
"2013",90,"Koke","Midfielder",21,"Spain","Atlético Madrid","Spain"
"2013",91,"Yohan Cabaye","Midfielder",27,"France","Newcastle United","England"
"2013",92,"Lucas Moura","Midfielder",21,"Brazil","Paris Saint-Germain","France"
"2013",93,"Blaise Matuidi","Midfielder",26,"France","Paris Saint-Germain","France"
"2013",94,"Isco","Midfielder",21,"Spain","Real Madrid","Spain"
"2013",95,"Alexis Sánchez","Forward",25,"Chile","Barcelona","Spain"
"2013",96,"Asmir Begovic","Goalkeeper",26,"Bosnia-Herzegovina","Stoke City","England"
"2013",97,"Emmanuel Emenike","Forward",26,"Nigeria","Fenerbahce","Turkey"
"2013",98,"Branislav Ivanovic","Defender",29,"Serbia","Chelsea","England"
"2013",99,"Javi Martinez","Defender/midfielder",25,"Spain","Bayern Munich","Germany"
"2013",100,"Eden Hazard","Midfielder",22,"Belgium","Chelsea","England"
"2014",1,"Cristiano Ronaldo","Forward",29,"Portugal","Real Madrid","Spain"
"2014",2,"Lionel Messi","Forward",27,"Argentina","Barcelona","Spain"
"2014",3,"Manuel Neuer","Goalkeeper",28,"Germany","Bayern Munich","Germany"
"2014",4,"Arjen Robben","Forward",30,"Holland","Bayern Munich","Germany"
"2014",5,"Thomas Müller","Forward",25,"Germany","Bayern Munich","Germany"
"2014",6,"Luis Suárez","Forward",27,"Uruguay","Barcelona","Spain"
"2014",7,"Neymar","Forward",22,"Brazil","Barcelona","Spain"
"2014",8,"Gareth Bale","Midfielder",25,"Wales","Real Madrid","Spain"
"2014",9,"Philipp Lahm","Defender",31,"Germany","Bayern Munich","Germany"
"2014",10,"Sergio Agüero","Forward",26,"Argentina","Manchester City","England"
"2014",11,"Toni Kroos","Midfielder",24,"Germany","Real Madrid","Spain"
"2014",12,"Diego Costa","Forward",26,"Brazil","Chelsea","England"
"2014",13,"Zlatan Ibrahimovic","Forward",33,"Sweden","Paris Saint-Germain","France"
"2014",14,"Ángel Di María","Midfielder",26,"Argentina","Manchester United","England"
"2014",15,"James Rodríguez","Forward",23,"Colombia","Real Madrid","Spain"
"2014",16,"Eden Hazard","Midfielder",23,"Belgium","Chelsea","England"
"2014",17,"Thibaut Courtois","Goalkeeper",22,"Belgium","Chelsea","England"
"2014",18,"Yaya Touré","Midfielder",31,"Ivory Coast","Manchester City","England"
"2014",19,"Karim Benzema","Forward",27,"France","Real Madrid","Spain"
"2014",20,"Paul Pogba","Midfielder",21,"France","Juventus","Italy"
"2014",21,"Xabi Alonso","Midfielder",33,"Spain","Bayern Munich","Germany"
"2014",22,"Alexis Sánchez","Forward",26,"Chile","Arsenal","England"
"2014",23,"Luka Modric","Midfielder",29,"Croatia","Real Madrid","Spain"
"2014",24,"Mario Götze","Midfielder",22,"Germany","Bayern Munich","Germany"
"2014",25,"Bastian Schweinsteiger","Midfielder",30,"Germany","Bayern Munich","Germany"
"2014",26,"Franck Ribéry","Forward",31,"France","Bayern Munich","Germany"
"2014",27,"Javier Mascherano","Midfielder",30,"Argentina","Barcelona","Spain"
"2014",28,"Andrés Iniesta","Midfielder",30,"Spain","Barcelona","Spain"
"2014",29,"Andrea Pirlo","Midfielder",35,"Italy","Juventus","Italy"
"2014",30,"Robert Lewandowski","Forward",26,"Poland","Bayern Munich","Germany"
"2014",31,"Thiago Silva","Defender",30,"Brazil","Paris Saint-Germain","France"
"2014",32,"Sergio Ramos","Defender",28,"Spain","Real Madrid","Spain"
"2014",33,"Arturo Vidal","Midfielder",27,"Chile","Juventus","Italy"
"2014",34,"Diego Godín","Defender",28,"Uruguay","Atlético Madrid","Spain"
"2014",35,"David Silva","Midfielder",28,"Spain","Manchester City","England"
"2014",36,"Cesc Fàbregas","Midfielder",27,"Spain","Chelsea","England"
"2014",37,"Vincent Kompany","Defender",28,"Belgium","Manchester City","England"
"2014",38,"Arda Turan","Midfielder",27,"Turkey","Atlético Madrid","Spain"
"2014",39,"Mats Hummels","Defender",26,"Germany","Borussia Dortmund","Germany"
"2014",40,"Marco Reus","Forward",25,"Germany","Borussia Dortmund","Germany"
"2014",41,"Carlos Tevez","Forward",30,"Argentina","Juventus","Italy"
"2014",42,"Koke","Midfielder",22,"Spain","Atlético Madrid","Spain"
"2014",43,"Wayne Rooney","Forward",29,"England","Manchester United","England"
"2014",44,"David Alaba","Defender",22,"Austria","Bayern Munich","Germany"
"2014",45,"Robin van Persie","Forward",31,"Holland","Manchester United","England"
"2014",46,"Oscar","Midfielder",23,"Brazil","Chelsea","England"
"2014",47,"Edinson Cavani","Forward",27,"Uruguay","Paris Saint-Germain","France"
"2014",48,"Nemanja Matic","Midfielder",26,"Serbia","Chelsea","England"
"2014",49,"Ivan Rakitić","Midfielder",26,"Croatia","Barcelona","Spain"
"2014",50,"Xavi","Midfielder",34,"Spain","Barcelona","Spain"
"2014",51,"Daniel Sturridge","Forward",25,"England","Liverpool","England"
"2014",52,"Raheem Sterling","Midfielder",20,"England","Liverpool","England"
"2014",53,"Branislav Ivanovic","Defender",30,"Serbia","Chelsea","England"
"2014",54,"Mesut Özil","Midfielder",26,"Germany","Arsenal","England"
"2014",55,"David de Gea","Goalkeeper",24,"Spain","Manchester United","England"
"2014",56,"Juan Cuadrado","Midfielder",26,"Colombia","Fiorentina","Italy"
"2014",57,"Jérôme Boateng","Defender",26,"Germany","Bayern Munich","Germany"
"2014",58,"Miralem Pjanic","Midfielder",24,"Bosnia-Herzegovina","Roma","Italy"
"2014",59,"Pablo Zabaleta","Defender",29,"Argentina","Manchester City","England"
"2014",60,"Sergio Busquets","Midfielder",26,"Spain","Barcelona","Spain"
"2014",61,"Yacine Brahimi","Midfielder",24,"Algeria","Porto","Portugal"
"2014",62,"Blaise Matuidi","Midfielder",27,"France","Paris Saint-Germain","France"
"2014",63,"Radamel Falcao","Forward",28,"Colombia","Manchester United","England"
"2014",64,"Marco Verratti","Midfielder",22,"Italy","Paris Saint-Germain","France"
"2014",65,"Vincent Enyeama","Goalkeeper",32,"Nigeria","Lille","France"
"2014",66,"Edin Dzeko","Forward",28,"Bosnia-Herzegovina","Manchester City","England"
"2014",67,"Wilfried Bony","Forward",25,"Ivory Coast","Swansea City","England"
"2014",68,"Gonzalo Higuaín","Striker",27,"Argentina","Napoli","Italy"
"2014",69,"John Terry","Defender",33,"England","Chelsea","England"
"2014",70,"Miroslav Klose","Forward",36,"Germany","Lazio","Italy"
"2014",71,"Mario Mandzukic","Forward",28,"Croatia","Atlético Madrid","Spain"
"2014",72,"Gianluigi Buffon","Goalkeeper",36,"Italy","Juventus","Italy"
"2014",73,"Jackson Martínez","Forward",28,"Colombia","Porto","Portugal"
"2014",74,"Antoine Griezmann","MIdfielder",23,"France","Atlético Madrid","Spain"
"2014",75,"Aaron Ramsey","Midfielder",23,"Wales","Arsenal","England"
"2014",76,"Hugo Lloris","Goalkeeper",27,"France","Tottenham Hotspur","England"
"2014",77,"Ezequiel Garay","Defender",28,"Argentina","Zenit St Petersburg","Russia"
"2014",78,"Luiz Adriano","Forward",27,"Brazil","Shakhtar Donetsk","Ukraine"
"2014",79,"Francesco Totti","Forward",38,"Italy","Roma","Italy"
"2014",80,"Steven Gerrard","Midfielder",34,"England","Liverpool","England"
"2014",81,"Dani Alves","Defender",31,"Brazil","Barcelona","Spain"
"2014",82,"Gervinho","Forward",27,"Ivory Coast","Roma","Italy"
"2014",83,"Mehdi Benatia","Defender",27,"Morocco","Bayern Munich","Germany"
"2014",84,"Isco","Midfielder",22,"Spain","Real Madrid","Spain"
"2014",85,"Henrikh Mkhitaryan","Midfielder/forward",24,"Armenia","Borussia Dortmund","Germany"
"2014",86,"José Callejón","Forward",27,"Spain","Napoli","Italy"
"2014",87,"Miranda","Defender",30,"Brazil","Atlético Madrid","Spain"
"2014",88,"Iker Casillas","Goalkeeper",33,"Spain","Real Madrid","Spain"
"2014",89,"Daley Blind","Midfielder",24,"Holland","Manchester United","England"
"2014",90,"César Azpilicueta","Defender",25,"Spain","Chelsea","England"
"2014",91,"Jack Wilshere","Midfielder",22,"England","Arsenal","England"
"2014",92,"Héctor Herrera","Midfielder",24,"Mexico","Porto","Portugal"
"2014",93,"Gerard Piqué","Defender",27,"Spain","Barcelona","Spain"
"2014",94,"Enner Valencia","Forward",25,"Ecuador","West Ham United","England"
"2014",95,"David Luiz","Defender",27,"Brazil","Paris Saint-Germain","France"
"2014",96,"Memphis Depay","Midfielder",20,"Holland","PSV Eindhoven","Netherlands"
"2014",97,"Daniele De Rossi","Midfielder",31,"Italy","Roma","Italy"
"2014",98,"Rogério Ceni","Goalkeeper",41,"Brazil","São Paulo FC","Brazil"
"2014",99,"Radja Nainggolan","Midfielder",26,"Belgium","Roma","Italy"
"2014",100,"Seydou Doumbia","Forward",26,"Ivory Coast","CSKA Moscow","Russia"
"2015",1,"Lionel Messi","Forward",28,"Argentina","Barcelona","Spain"
"2015",2,"Cristiano Ronaldo","Forward",30,"Portugal","Real Madrid","Spain"
"2015",3,"Neymar","Forward",23,"Brazil","Barcelona","Spain"
"2015",4,"Luis Suárez","Forward",28,"Uruguay","Barcelona","Spain"
"2015",5,"Robert Lewandowski","Forward",27,"Poland","Bayern Munich","Germany"
"2015",6,"Thomas Müller","Forward",26,"Germany","Bayern Munich","Germany"
"2015",7,"Zlatan Ibrahimovic","Forward",34,"Sweden","Paris Saint-Germain","France"
"2015",8,"Manuel Neuer","Goalkeeper",29,"Germany","Bayern Munich","Germany"
"2015",9,"Sergio Agüero","Forward",27,"Argentina","Manchester City","England"
"2015",10,"Alexis Sánchez","Forward",27,"Chile","Arsenal","England"
"2015",11,"Paul Pogba","Midfielder",22,"France ","Juventus","Italy"
"2015",12,"Andrés Iniesta","Midfielder",31,"Spain","Barcelona","Spain"
"2015",13,"Eden Hazard","Forward",24,"Belgium","Chelsea","England"
"2015",14,"Kevin De Bruyne","Forward",24,"Belgium","Manchester City","England"
"2015",15,"Arturo Vidal","Midfielder",28,"Chile","Bayern Munich","Germany"
"2015",16,"Gareth Bale","Forward",26,"Wales","Real Madrid","Spain"
"2015",17,"Carlos Tevez","Forward",31,"Argentina","Boca Juniors","Argentina"
"2015",18,"David de Gea","Goalkeeper",25,"Spain","Manchester United","England"
"2015",19,"James Rodríguez","Midfielder",24,"Colombia","Real Madrid","Spain"
"2015",20,"Ivan Rakitic","Midfielder",27,"Croatia","Barcelona","Spain"
"2015",21,"Philipp Lahm","Defender",32,"Germany","Bayern Munich","Germany"
"2015",22,"Arjen Robben","Forward",31,"Netherlands","Bayern Munich","Germany"
"2015",23,"David Alaba","Defender",23,"Austria","Bayern Munich","Germany"
"2015",24,"Sergio Busquets","Midfielder",27,"Spain","Barcelona","Spain"
"2015",25,"Javier Mascherano","Defender",31,"Argentina","Barcelona","Spain"
"2015",26,"Mesut Özil","Midfielder",27,"Germany","Arsenal","England"
"2015",27,"Pierre-Emerick Aubameyang","Forward",26,"Gabon","Borussia Dortmund","Germany"
"2015",28,"Antoine Griezmann","Forward",24,"France","Atlético Madrid","Spain"
"2015",29,"Yaya Touré","Midfielder",32,"Ivory Coast","Manchester City","England"
"2015",30,"David Silva","Midfielder",29,"Spain","Manchester City","England"
"2015",31,"Luka Modric","Midfielder",30,"Croatia","Real Madrid","Spain"
"2015",32,"Douglas Costa","Forward",25,"Brazil","Bayern Munich","Germany"
"2015",33,"Karim Benzema","Forward",28,"France","Real Madrid","Spain"
"2015",34,"Gianluigi Buffon","Goalkeeper",37,"Italy","Juventus","Italy"
"2015",35,"Toni Kroos","Midfielder",25,"Germany","Real Madrid","Spain"
"2015",36,"Thibaut Courtois","Goalkeeper",23,"Belgium","Chelsea","England"
"2015",37,"Sergio Ramos","Defender",29,"Spain","Real Madrid","Spain"
"2015",38,"Harry Kane","Forward",22,"England","Tottenham Hotspur","England"
"2015",39,"Ángel di María","Forward",27,"Argentina","Paris Saint-Germain","France"
"2015",40,"Diego Godín","Defender",29,"Uruguay","Atlético Madrid","Spain"
"2015",41,"Thiago Silva","Defender",31,"Brazil","Paris Saint-Germain","France"
"2015",42,"Andrea Pirlo","Midfielder",36,"Italy","New York City FC","USA"
"2015",43,"Marco Verratti","Midfielder",23,"Italy","Paris Saint-Germain","France"
"2015",44,"Gerard Piqué","Defender",28,"Spain","Barcelona","Spain"
"2015",45,"Jérôme Boateng","Defender",27,"Germany","Bayern Munich","Germany"
"2015",46,"Philippe Coutinho","Midfielder",23,"Brazil","Liverpool","England"
"2015",47,"Álvaro Morata","Forward",23,"Spain","Juventus","Italy"
"2015",48,"Gonzalo Higuaín","Forward",28,"Argentina","Napoli","Italy"
"2015",49,"Xabi Alonso","Midfielder",34,"Spain","Bayern Munich","Germany"
"2015",50,"Marco Reus","Midfielder",26,"Germany","Borussia Dortmund","Germany"
"2015",51,"Diego Costa","Forward",27,"Spain","Chelsea","England"
"2015",52,"Willian","Forward",27,"Brazil","Chelsea","England"
"2015",53,"Blaise Matuidi","Midfielder",28,"France","Paris Saint-Germain","France"
"2015",54,"Edinson Cavani","Forward",28,"Uruguay","Paris Saint-Germain","France"
"2015",55,"Miralem Pjanic","Midfielder",25,"Bosnia-Herzegovina","Roma","Italy"
"2015",56,"Raphaël Varane","Defender",22,"France","Real Madrid","Spain"
"2015",57,"Vincent Kompany","Defender",29,"Belgium","Manchester City","England"
"2015",58,"Dani Alves","Defender",32,"Brazil","Barcelona","Spain"
"2015",59,"Hulk","Forward",29,"Brazil","Zenit St Petersburg","Russia"
"2015",60,"Wayne Rooney","Forward",30,"England","Manchester United","England"
"2015",61,"Alexandre Lacazette","Forward",24,"France","Lyon","France"
"2015",62,"Raheem Sterling","Forward",21,"England","Manchester City","England"
"2015",63,"Cesc Fàbregas","Midfielder",28,"Spain","Chelsea","England"
"2015",64,"Yacine Brahimi","Midfielder",25,"Algeria","Porto","Portugal"
"2015",65,"Carlos Bacca","Forward",29,"Colombia","Milan","Italy"
"2015",66,"Anthony Martial","Forward",20,"France","Manchester United","England"
"2015",67,"Keylor Navas","Goalkeeper",29,"Costa Rica","Real Madrid","Spain"
"2015",68,"Jamie Vardy","Forward",28,"England","Leicester City","England"
"2015",69,"Mohamed Salah","Forward",23,"Egypt","Roma","Italy"
"2015",70,"Koke","Midfielder",23,"Spain","Atlético Madrid","Spain"
"2015",71,"Giorgio Chiellini","Defender",31,"Italy","Juventus","Italy"
"2015",72,"Jordi Alba","Defender",26,"Spain","Barcelona","Spain"
"2015",73,"Yevhen Konoplyanka","Midfielder",26,"Ukraine","Sevilla","Spain"
"2015",74,"Bastian Schweinsteiger","Midfielder",31,"Germany","Manchester United","England"
"2015",75,"Mats Hummels","Defender",27,"Germany","Borussia Dortmund","Germany"
"2015",76,"Franck Ribéry","Forward",32,"France","Bayern Munich","Germany"
"2015",77,"Henrikh Mkhitaryan","Midfielder",26,"Armenia","Borussia Dortmund","Germany"
"2015",78,"Arda Turan","Midfielder",28,"Turkey","Barcelona","Spain"
"2015",79,"Petr Cech","Goalkeeper",33,"Czech Republic","Arsenal","England"
"2015",80,"Mario Götze","Midfielder",23,"Germany","Bayern Munich","Germany"
"2015",81,"Thiago Alcântara","Midfielder",24,"Spain","Bayern Munich","Germany"
"2015",82,"Mauro Icardi","Forward",22,"Argentina","Internazionale","Italy"
"2015",83,"Nolito","Forward",29,"Spain","Celta Vigo","Spain"
"2015",84,"Claudio Bravo","Goalkeeper",32,"Chile","Barcelona","Spain"
"2015",85,"Javier Pastore","Midfielder",26,"Argentina","Paris Saint-Germain","France"
"2015",86,"Memphis Depay","Forward",21,"Netherlands","Manchester United","England"
"2015",87,"Juan Mata","Midfielder",27,"Spain","Manchester United","England"
"2015",88,"Marcelo","Defender",27,"Brazil","Real Madrid","Spain"
"2015",89,"Alex Teixeira","Midfielder",25,"Brazil","Shakhtar Donetsk","Ukraine"
"2015",90,"Dimitri Payet","Midfielder",28,"France","West Ham United","England"
"2015",91,"Isco","Midfielder",23,"Spain","Real Madrid","Spain"
"2015",92,"Leonardo Bonucci","Defender",28,"Italy","Juventus","Italy"
"2015",93,"Carlos Sánchez","Midfielder",31,"Uruguay","River Plate","Argentina"
"2015",94,"Sebastian Giovinco","Forward",28,"Italy","Toronto","USA"
"2015",95,"Santi Cazorla","Midfielder",31,"Spain","Arsenal","England"
"2015",96,"Francesco Totti","Forward",39,"Italy","Roma","Italy"
"2015",97,"Riyad Mahrez","Forward",24,"Algeria","Leicester City","England"
"2015",98,"Andriy Yarmolenko","Forward",26,"Ukraine","Dynamo Kyiv","Ukraine"
"2015",99,"Nemanja Matic","Midfielder",27,"Serbia","Chelsea","England"
"2015",100,"Laurent Koscielny","Defender",30,"France","Arsenal","England"
"2016",1,"Cristiano Ronaldo","Forward",31,"Portugal","Real Madrid","Spain"
"2016",2,"Lionel Messi","Forward",29,"Argentina","Barcelona","Spain"
"2016",3,"Luis Suárez","Forward",29,"Uruguay","Barcelona","Spain"
"2016",4,"Antoine Griezmann","Forward",25,"France","Atlético Madrid","Spain"
"2016",5,"Neymar","Forward",24,"Brazil","Barcelona","Spain"
"2016",6,"Gareth Bale","Forward",27,"Wales","Real Madrid","Spain"
"2016",7,"Robert Lewandowski","Forward",28,"Poland","Bayern Munich","Germany"
"2016",8,"Pierre-Emerick Aubameyang","Forward",27,"Gabon","Borussia Dortmund","Germany"
"2016",9,"Alexis Sánchez","Forward",28,"Chile","Arsenal","England"
"2016",10,"Riyad Mahrez","Forward",25,"Algeria","Leicester City","England"
"2016",11,"Sergio Agüero","Forward",28,"Argentina","Manchester City","England"
"2016",12,"Luka Modric","Midfielder",31,"Croatia","Real Madrid","Spain"
"2016",13,"Kevin De Bruyne","Forward",25,"Belgium","Manchester City","England"
"2016",14,"Gonzalo Higuaín","Forward",29,"Argentina","Juventus","Italy"
"2016",15,"Andrés Iniesta","Midfielder",32,"Spain","Barcelona","Spain"
"2016",16,"N'Golo Kanté","Midfielder",25,"France","Chelsea","England"
"2016",17,"Paul Pogba","Midfielder",23,"France ","Manchester United","England"
"2016",18,"Manuel Neuer","Goalkeeper",30,"Germany","Bayern Munich","Germany"
"2016",19,"Jamie Vardy","Forward",29,"England","Leicester City","England"
"2016",20,"Zlatan Ibrahimovic","Forward",35,"Sweden","Manchester United","England"
"2016",21,"Toni Kroos","Midfielder",26,"Germany","Real Madrid","Spain"
"2016",22,"Gianluigi Buffon","Goalkeeper",38,"Italy","Juventus","Italy"
"2016",23,"Mesut Özil","Midfielder",28,"Germany","Arsenal","England"
"2016",24,"Diego Godín","Defender",30,"Uruguay","Atlético Madrid","Spain"
"2016",25,"Sergio Ramos","Defender",30,"Spain","Real Madrid","Spain"
"2016",26,"Leonardo Bonucci","Defender",29,"Italy","Juventus","Italy"
"2016",27,"Dimitri Payet","Midfielder",29,"France","West Ham United","England"
"2016",28,"Philippe Coutinho","Midfielder",24,"Brazil","Liverpool","England"
"2016",29,"David de Gea","Goalkeeper",26,"Spain","Manchester United","England"
"2016",30,"Pepe","Defender",33,"Portugal","Real Madrid","Spain"
"2016",31,"Thomas Müller","Forward",27,"Germany","Bayern Munich","Germany"
"2016",32,"Arturo Vidal","Midfielder",29,"Chile","Bayern Munich","Germany"
"2016",33,"Harry Kane","Forward",23,"England","Tottenham Hotspur","England"
"2016",34,"Ivan Rakitić ","Midfielder",28,"Croatia","Barcelona","Spain"
"2016",35,"Eden Hazard","Forward",25,"Belgium","Chelsea","England"
"2016",36,"Jérôme Boateng","Defender",28,"Germany","Bayern Munich","Germany"
"2016",37,"Paulo Dybala","Forward",23,"Argentina","Juventus","Italy"
"2016",38,"Gerard Piqué","Defender",29,"Spain","Barcelona","Spain"
"2016",39,"Sergio Busquets","Midfielder",28,"Spain","Barcelona","Spain"
"2016",40,"Hugo Lloris","Goalkeeper",29,"France","Tottenham Hotspur","England"
"2016",41,"Koke","Midfielder",24,"Spain","Atlético Madrid","Spain"
"2016",42,"Jan Oblak","Goalkeeper",23,"Slovenia","Atlético Madrid","Spain"
"2016",43,"Ángel di María","Forward",28,"Argentina","Paris Saint-Germain","France"
"2016",44,"David Silva","Midfielder",30,"Spain","Manchester City","England"
"2016",45,"Marco Verratti","Midfielder",24,"Italy","Paris Saint-Germain","France"
"2016",46,"Diego Costa","Forward",28,"Brazil","Chelsea","England"
"2016",47,"Edinson Cavani","Forward",29,"Uruguay","Paris Saint-Germain","France"
"2016",48,"Marcelo","Defender",28,"Brazil","Real Madrid","Spain"
"2016",49,"Mauro Icardi","Forward",23,"Argentina","Internazionale","Italy"
"2016",50,"Karim Benzema","Forward",29,"France","Real Madrid","Spain"
"2016",51,"Mats Hummels","Defender",28,"Germany","Bayern Munich","Germany"
"2016",52,"Thiago Silva","Defender",32,"Brazil","Paris Saint-Germain","France"
"2016",53,"Casemiro","Midfielder",24,"Brazil","Real Madrid","Spain"
"2016",54,"Renato Sanches","Midfielder",19,"Portugal","Bayern Munich","Germany"
"2016",55,"Keylor Navas","Goalkeeper",30,"Costa Rica","Real Madrid","Spain"
"2016",56,"Philipp Lahm","Defender",34,"Germany","Bayern Munich","Germany"
"2016",57,"Henrikh Mkhitaryan","Midfielder",27,"Armenia","Manchester United","England"
"2016",58,"Toby Alderweireld","Defender",27,"Belgium","Tottenham Hotspur","England"
"2016",59,"Kévin Gameiro","Forward",29,"France","Atlético Madrid","Spain"
"2016",60,"Joshua Kimmich","Defender",21,"Germany","Bayern Munich","Germany"
"2016",61,"David Alaba","Defender",24,"Austria","Bayern Munich","Germany"
"2016",62,"Javier Mascherano","Defender",32,"Argentina","Barcelona","Spain"
"2016",63,"Douglas Costa","Forward",26,"Brazil","Bayern Munich","Germany"
"2016",64,"Gabriel Jesus","Forward",19,"Brazil","Palmeiras","Brazil"
"2016",65,"Mohamed Salah","Forward",24,"Egypt","Roma","Italy"
"2016",66,"Giorgio Chiellini","Defender",32,"Italy","Juventus","Italy"
"2016",67,"Aritz Aduriz","Forward",35,"Spain","Athletic Bilbao","Spain"
"2016",68,"Laurent Koscielny","Defender",31,"France","Arsenal","England"
"2016",69,"Sadio Mané","Forward",24,"Senegal","Liverpool","England"
"2016",70,"Miralem Pjanic","Midfielder",26,"Bosnia-Herzegovina","Juventus","Italy"
"2016",71,"Álvaro Morata","Forward",24,"Spain","Real Madrid","Spain"
"2016",72,"Kasper Schmeichel","Goalkeeper",30,"Denmark","Leicester City","England"
"2016",73,"Aaron Ramsey","Midfielder",25,"Wales","Arsenal","England"
"2016",74,"Raphaël Guerreiro","Defender",22,"Portugal","Borussia Dortmund","Germany"
"2016",75,"Rui Patrício","Goalkeeper",28,"Portugal","Sporting Lisbon","Portugal"
"2016",76,"Roberto Firmino","Forward",25,"Brazil","Liverpool","England"
"2016",77,"Yannick Carrasco","Forward",23,"Belgium","Atlético Madrid","Spain"
"2016",78,"Dani Alves","Defender",33,"Brazil","Juventus","Italy"
"2016",79,"Nani","Forward",30,"Portugal ","Valencia","Spain"
"2016",80,"Gianluigi Donnarumma","Goalkeeper",17,"Italy","Milan","Italy"
"2016",81,"Claudio Bravo","Goalkeeper",33,"Chile","Manchester City","England"
"2016",82,"Marek Hamsik","Midfielder",29,"Slovakia","Napoli","Italy"
"2016",83,"Miguel Borja","Forward",23,"Colombia","Atlético Nacional","Colombia"
"2016",84,"Blaise Matuidi","Midfielder",29,"France","Paris Saint-Germain","France"
"2016",85,"Ilkay Gündogan","Midfielder",26,"Germany","Manchester City","England"
"2016",86,"Juan Mata","Midfielder",28,"Spain","Manchester United","England"
"2016",87,"James Rodríguez","Midfielder",25,"Colombia","Real Madrid","Spain"
"2016",88,"Raheem Sterling","Forward",22,"England","Manchester City","England"
"2016",89,"Arjen Robben","Forward",32,"Netherlands","Bayern Munich","Germany"
"2016",90,"Dele Alli","Midfielder",20,"England","Tottenham Hotspur","England"
"2016",91,"Adrien Silva","Midfielder",27,"Portugal","Sporting Lisbon","Portugal"
"2016",92,"Thibaut Courtois","Goalkeeper",24,"Belgium","Chelsea","England"
"2016",93,"Fernandinho","Midfielder",31,"Brazil","Manchester City","England"
"2016",94,"Alexandre Lacazette","Forward",25,"France","Lyon","France"
"2016",95,"Éver Banega","Midfielder",28,"Argentina","Internazionale","Italy"
"2016",96,"Francesco Totti","Forward",40,"Italy","Roma","Italy"
"2016",97,"Santi Cazorla","Midfielder",32,"Spain","Arsenal","England"
"2016",98,"Thiago Alcântara","Midfielder",25,"Spain","Bayern Munich","Germany"
"2016",99,"Julian Weigl","Midfielder",21,"Germany","Borussia Dortmund","Germany"
"2016",100,"Ousmane Dembélé","Forward",19,"France","Borussia Dortmund","Germany"
"2017",1,"Lionel Messi","Forward",30,"Argentina","Barcelona","Spain"
"2017",2,"Cristiano Ronaldo","Forward",32,"Portugal","Real Madrid","Spain"
"2017",3,"Neymar","Forward",25,"Brazil","Paris Saint-Germain","France"
"2017",4,"Kevin De Bruyne","Midfielder",26,"Belgium","Manchester City","England"
"2017",5,"Harry Kane","Forward",24,"England","Tottenham Hotspur","England"
"2017",6,"Luka Modric","Midfielder",32,"Croatia","Real Madrid","Spain"
"2017",7,"Robert Lewandowski","Forward",29,"Poland","Bayern Munich","Germany"
"2017",8,"Kylian Mbappé","Forward",19,"France","Paris Saint-Germain","France"
"2017",9,"Toni Kroos","Midfielder",27,"Germany","Real Madrid","Spain"
"2017",10,"Eden Hazard","Forward",26,"Belgium","Chelsea","England"
"2017",11,"Sergio Ramos","Defender",31,"Spain","Real Madrid","Spain"
"2017",12,"Isco","Midfielder",25,"Spain","Real Madrid","Spain"
"2017",13,"Edinson Cavani","Forward",30,"Uruguay","Paris Saint-Germain","France"
"2017",14,"Paulo Dybala","Forward",24,"Argentina","Juventus","Italy"
"2017",15,"Luis Suárez","Forward",30,"Uruguay","Barcelona","Spain"
"2017",16,"Gianluigi Buffon","Goalkeeper",39,"Italy","Juventus","Italy"
"2017",17,"N'Golo Kanté","Midfielder",26,"France","Chelsea","England"
"2017",18,"Antoine Griezmann","Forward",26,"France","Atlético Madrid","Spain"
"2017",19,"Marcelo","Defender",29,"Brazil","Real Madrid","Spain"
"2017",20,"Sergio Agüero","Forward",29,"Argentina","Manchester City","England"
"2017",21,"Pierre-Emerick Aubameyang","Forward",28,"Gabon","Borussia Dortmund","Germany"
"2017",22,"Mohamed Salah","Forward",25,"Egypt","Liverpool","England"
"2017",23,"David de Gea","Goalkeeper",27,"Spain","Manchester United","England"
"2017",24,"Philippe Coutinho","Forward",25,"Brazil","Liverpool","England"
"2017",25,"Christian Eriksen","Midfielder",25,"Denmark","Tottenham Hotspur","England"
"2017",26,"Dani Alves","Defender",34,"Brazil","Paris Saint-Germain","France"
"2017",27,"Dries Mertens","Forward",30,"Belgium","Napoli","Italy"
"2017",28,"Casemiro","Midfielder",25,"Brazil","Real Madrid","Spain"
"2017",29,"Andrés Iniesta","Midfielder",33,"Spain","Barcelona","Spain"
"2017",30,"Paul Pogba","Midfielder",24,"France ","Manchester United","England"
"2017",31,"Dele Alli","Midfielder",21,"England","Tottenham Hotspur","England"
"2017",32,"Alexis Sánchez","Forward",29,"Chile","Arsenal","England"
"2017",33,"Mauro Icardi","Forward",24,"Argentina","Internazionale","Italy"
"2017",34,"Gonzalo Higuaín","Forward",30,"Argentina","Juventus","Italy"
"2017",35,"Jan Oblak","Goalkeeper",24,"Slovenia","Atlético Madrid","Spain"
"2017",36,"Sadio Mané","Forward",25,"Senegal","Liverpool","England"
"2017",37,"Romelu Lukaku","Forward",24,"Belgium","Manchester United","England"
"2017",38,"David Silva","Midfielder",31,"Spain","Manchester City","England"
"2017",39,"Gabriel Jesus","Forward",20,"Brazil","Manchester City","England"
"2017",40,"Manuel Neuer","Goalkeeper",31,"Germany","Bayern Munich","Germany"
"2017",41,"Radamel Falcao","Forward",31,"Colombia","Monaco","France"
"2017",42,"Marco Asensio","Midfielder",21,"Spain","Real Madrid","Spain"
"2017",43,"Edin Dzeko","Forward",31,"Bosnia-Herzegovina","Roma","Italy"
"2017",44,"Lorenzo Insigne","Forward",26,"Italy","Napoli","Italy"
"2017",45,"Leonardo Bonucci","Defender",30,"Italy","Milan","Italy"
"2017",46,"Sergio Busquets","Midfielder",29,"Spain","Barcelona","Spain"
"2017",47,"Álvaro Morata","Forward",25,"Spain","Chelsea","England"
"2017",48,"Marco Verratti","Midfielder",25,"Italy","Paris Saint-Germain","France"
"2017",49,"Thiago Alcântara","Midfielder",26,"Spain","Bayern Munich","Germany"
"2017",50,"Gareth Bale","Forward",28,"Wales","Real Madrid","Spain"
"2017",51,"Karim Benzema","Forward",30,"France","Real Madrid","Spain"
"2017",52,"César Azpilicueta","Defender",28,"Spain","Chelsea","England"
"2017",53,"Naby Keïta","Midfielder",22,"Guinea","RB Leipzig","Germany"
"2017",54,"Timo Werner","Forward",21,"Germany","RB Leipzig","Germany"
"2017",55,"Marc-André ter Stegen","Goalkeeper",25,"Germany","Barcelona","Spain"
"2017",56,"Giorgio Chiellini","Defender",33,"Italy","Juventus","Italy"
"2017",57,"Ivan Rakitic ","Midfielder",29,"Croatia","Barcelona","Spain"
"2017",58,"Gerard Piqué","Defender",30,"Spain","Barcelona","Spain"
"2017",59,"Ousmane Dembélé","Forward",20,"France","Barcelona","Spain"
"2017",60,"Zlatan Ibrahimovic","Forward",36,"Sweden","Manchester United","England"
"2017",61,"Leroy Sané","Forward",21,"Germany","Manchester City","England"
"2017",62,"Raheem Sterling","Forward",23,"England","Manchester City","England"
"2017",63,"Diego Godín","Defender",31,"Uruguay","Atlético Madrid","Spain"
"2017",64,"Joshua Kimmich","Defender",22,"Germany","Bayern Munich","Germany"
"2017",65,"Thibaut Courtois","Goalkeeper",25,"Belgium","Chelsea","England"
"2017",66,"Arturo Vidal","Midfielder",30,"Chile","Bayern Munich","Germany"
"2017",67,"Mesut Özil","Midfielder",29,"Germany","Arsenal","England"
"2017",68,"Diego Costa","Forward",29,"Spain","Atlético Madrid","Spain"
"2017",69,"Emil Forsberg","Midfielder",26,"Sweden","RB Leipzig","Germany"
"2017",70,"Mats Hummels","Defender",29,"Germany","Bayern Munich","Germany"
"2017",71,"Ciro Immobile","Forward",27,"Italy","Lazio","Italy"
"2017",72,"Radja Nainggolan","Midfielder",29,"Belgium","Roma","Italy"
"2017",73,"Samuel Umtiti","Defender",24,"France","Barcelona","Spain"
"2017",74,"Nemanja Matic","Midfielder",29,"Serbia","Manchester United","England"
"2017",75,"Marcus Rashford","Forward",20,"England","Manchester United","England"
"2017",76,"Thiago Silva","Defender",33,"Brazil","Paris Saint-Germain","France"
"2017",77,"Christian Pulisic","Forward",19,"USA","Borussia Dortmund","Germany"
"2017",78,"Keylor Navas","Goalkeeper",30,"Costa Rica","Real Madrid","Spain"
"2017",79,"Arjen Robben","Forward",33,"Netherlands","Bayern Munich","Germany"
"2017",80,"Saúl Ñíguez","Midfielder",23,"Spain","Atlético Madrid","Spain"
"2017",81,"Hugo Lloris","Goalkeeper",30,"France","Tottenham Hotspur","England"
"2017",82,"Toby Alderweireld","Defender",28,"Belgium","Tottenham Hotspur","England"
"2017",83,"David Luiz","Defender",30,"Brazil","Chelsea","England"
"2017",84,"Bernardo Silva","Midfielder",23,"Portugal","Manchester City","England"
"2017",85,"Miralem Pjanic","Midfielder",27,"Bosnia-Herzegovina","Juventus","Italy"
"2017",86,"Dani Carvajal","Defender",25,"Spain","Real Madrid","Spain"
"2017",87,"Thomas Lemar","Midfielder",22,"France","Monaco","France"
"2017",88,"Koke","Midfielder",25,"Spain","Atlético Madrid","Spain"
"2017",89,"Jordi Alba","Defender",28,"Spain","Barcelona","Spain"
"2017",90,"Alex Sandro","Defender",26,"Brazil","Juventus","Italy"
"2017",91,"Fabinho","Midfielder",24,"Brazil","Monaco","France"
"2017",92,"Henrikh Mkhitaryan","Midfielder",28,"Armenia","Manchester United","England"
"2017",93,"Cesc Fàbregas","Midfielder",30,"Spain","Chelsea","England"
"2017",94,"David Alaba","Defender",25,"Austria","Bayern Munich","Germany"
"2017",95,"Raphaël Varane","Defender",24,"France","Real Madrid","Spain"
"2017",96,"Jamie Vardy","Forward",30,"England","Leicester City","England"
"2017",97,"Benjamin Mendy","Defender",23,"France","Manchester City","England"
"2017",98,"Mario Mandzukic","Forward",31,"Croatia","Juventus ","Italy"
"2017",99,"Adrien Rabiot","Midfielder",22,"France","Paris Saint-Germain","France"
"2017",100,"Ángel Di María","Midfielder",29,"Argentina","Paris Saint-Germain","France"
"2018",1,"Luka Modric","Midfielder",33,"Croatia","Real Madrid","Spain"
"2018",2,"Cristiano Ronaldo","Forward",33,"Portugal","Juventus","Italy"
"2018",3,"Lionel Messi","Forward",31,"Argentina","Barcelona","Spain"
"2018",4,"Kylian Mbappé","Forward",20,"France","Paris Saint-Germain","France"
"2018",5,"Mohamed Salah","Forward",26,"Egypt","Liverpool","England"
"2018",6,"Antoine Griezmann","Forward",27,"France","Atlético Madrid","Spain"
"2018",7,"Eden Hazard","Forward",27,"Belgium","Chelsea","England"
"2018",8,"Kevin De Bruyne","Midfielder",27,"Belgium","Manchester City","England"
"2018",9,"Harry Kane","Forward",25,"England","Tottenham Hotspur","England"
"2018",10,"N'Golo Kanté","Midfielder",27,"France","Chelsea","England"
"2018",11,"Neymar","Forward",26,"Brazil","Paris Saint-Germain","France"
"2018",12,"Raphaël Varane","Defender",25,"France","Real Madrid","Spain"
"2018",13,"Ivan Rakitic ","Midfielder",30,"Croatia","Barcelona","Spain"
"2018",14,"Luis Suárez","Forward",31,"Uruguay","Barcelona","Spain"
"2018",15,"Sergio Agüero","Forward",30,"Argentina","Manchester City","England"
"2018",16,"Paul Pogba","Midfielder",25,"France ","Manchester United","England"
"2018",17,"Sergio Ramos","Defender",32,"Spain","Real Madrid","Spain"
"2018",18,"Marcelo","Defender",30,"Brazil","Real Madrid","Spain"
"2018",19,"Sadio Mané","Forward",26,"Senegal","Liverpool","England"
"2018",20,"David Silva","Midfielder",32,"Spain","Manchester City","England"
"2018",21,"Edinson Cavani","Forward",31,"Uruguay","Paris Saint-Germain","France"
"2018",22,"Toni Kroos","Midfielder",28,"Germany","Real Madrid","Spain"
"2018",23,"Roberto Firmino","Forward",27,"Brazil","Liverpool","England"
"2018",24,"Virgil van Dijk","Defender",27,"Netherlands","Liverpool","England"
"2018",25,"Philippe Coutinho","Forward",26,"Brazil","Barcelona","Spain"
"2018",26,"Paulo Dybala","Forward",25,"Argentina","Juventus","Italy"
"2018",27,"Jan Oblak","Goalkeeper",25,"Slovenia","Atlético Madrid","Spain"
"2018",28,"Isco","Forward",26,"Spain","Real Madrid","Spain"
"2018",29,"Ivan Perisic","Forward",29,"Croatia","Internazionale","Italy"
"2018",30,"Robert Lewandowski","Forward",30,"Poland","Bayern Munich","Germany"
"2018",31,"Raheem Sterling","Forward",24,"England","Manchester City","England"
"2018",32,"Mauro Icardi","Forward",25,"Argentina","Internazionale","Italy"
"2018",33,"Mario Mandzukic","Forward",32,"Croatia","Juventus ","Italy"
"2018",34,"Diego Godín","Defender",32,"Uruguay","Atlético Madrid","Spain"
"2018",35,"Samuel Umtiti","Defender",25,"France","Barcelona","Spain"
"2018",36,"Christian Eriksen","Midfielder",26,"Denmark","Tottenham Hotspur","England"
"2018",37,"Thibaut Courtois","Goalkeeper",26,"Belgium","Real Madrid","Spain"
"2018",38,"Gareth Bale","Forward",29,"Wales","Real Madrid","Spain"
"2018",39,"David De Gea","Goalkeeper",28,"Spain","Manchester United","England"
"2018",40,"Hugo Lloris","Goalkeeper",32,"France","Tottenham Hotspur","England"
"2018",41,"Romelu Lukaku","Forward",25,"Belgium","Manchester United","England"
"2018",42,"Casemiro","Midfielder",26,"Brazil","Real Madrid","Spain"
"2018",43,"Alisson","Goalkeeper",26,"Brazil","Liverpool","England"
"2018",44,"Marc-André ter Stegen","Goalkeeper",26,"Germany","Barcelona","Spain"
"2018",45,"Dele Alli","Midfielder",22,"England","Tottenham Hotspur","England"
"2018",46,"Dries Mertens","Forward",31,"Belgium","Napoli","Italy"
"2018",47,"Marco Reus","Forward",29,"Germany","Borussia Dortmund","Germany"
"2018",48,"Karim Benzema","Forward",31,"France","Real Madrid","Spain"
"2018",49,"Giorgio Chiellini","Defender",34,"Italy","Juventus","Italy"
"2018",50,"Sergio Busquets","Midfielder",30,"Spain","Barcelona","Spain"
"2018",51,"Miralem Pjanic","Midfielder",28,"Bosnia-Herzegovina","Juventus","Italy"
"2018",52,"Jorginho","Midfielder",27,"Italy","Chelsea","England"
"2018",53,"Blaise Matuidi","Midfielder",31,"France","Juventus","Italy"
"2018",54,"Edin Dzeko","Forward",32,"Bosnia-Herzegovina","Roma","Italy"
"2018",55,"Pierre-Emerick Aubameyang","Forward",29,"Gabon","Arsenal","England"
"2018",56,"Kalidou Koulibaly","Defender",27,"Senegal","Napoli","Italy"
"2018",57,"Leroy Sané","Forward",22,"Germany","Manchester City","England"
"2018",58,"Lorenzo Insigne","Forward",27,"Italy","Napoli","Italy"
"2018",59,"Ederson","Goalkeeper",25,"Brazil","Manchester City","England"
"2018",60,"Gianluigi Buffon","Goalkeeper",40,"Italy","Paris Saint-Germain","France"
"2018",61,"Saúl Ñíguez","Midfielder",24,"Spain","Atlético Madrid","Spain"
"2018",62,"Marco Asensio","Midfielder",22,"Spain","Real Madrid","Spain"
"2018",63,"Fernandinho"," Midfielder",33,"Brazil","Manchester City","England"
"2018",64,"Jordi Alba"," Midfielder",29,"Spain","Barcelona","Spain"
"2018",65,"Jordan Pickford","Goalkeeper",24,"England","Everton","England"
"2018",66,"Keylor Navas","Goalkeeper",32,"Costa Rica","Real Madrid","Spain"
"2018",67,"Joshua Kimmich","Defender",23,"Germany","Bayern Munich","Germany"
"2018",68,"Bernardo Silva","Midfielder",24,"Portugal","Manchester City","England"
"2018",69," Lucas Hernández","Defender",22,"France","Atlético Madrid","Spain"
"2018",70,"James Rodríguez","Midfielder",27,"Colombia","Bayern Munich","Germany"
"2018",71,"Benjamin Pavard","Defender",22,"France","Stuttgart","Germany"
"2018",72,"Kieran Trippier","Defender",28,"England","Tottenham Hotspur","England"
"2018",73,"Ciro Immobile","Forward",28,"Italy","Lazio","Italy"
"2018",74,"Thiago Silva","Defender",34,"Brazil","Paris Saint-Germain","France"
"2018",75,"Thomas Meunier","Defender",27,"Belgium","Paris Saint-Germain","France"
"2018",76,"Leonardo Bonucci","Defender",31,"Italy","Juventus","Italy"
"2018",77,"Marcos Alonso","Defender",27,"Spain","Chelsea","England"
"2018",78,"Son Heung-min","Forward",26,"South Korea","Tottenham Hotspur","England"
"2018",79,"Harry Maguire","Defender",25,"England","Leicester City","England"
"2018",80,"Kyle Walker","Defender",28,"England","Manchester City","England"
"2018",81,"Gabriel Jesus","Forward",21,"Brazil","Manchester City","England"
"2018",82,"James Milner","Midfielder",32,"England","Liverpool","England"
"2018",83,"Gerard Piqué","Defender",31,"Spain","Barcelona","Spain"
"2018",84,"Memphis Depay","Forward",24,"Netherlands","Lyon","France"
"2018",85,"Ante Rebic","Forward",25,"Croatia","Eintracht Frankfurt","Germany"
"2018",86,"John Stones","Defender",24,"England ","Manchester City","England"
"2018",87,"Denis Cheryshev","Midfielder",27,"Russia","Valencia","Spain"
"2018",88,"Diego Costa","Forward",30,"Spain","Atlético Madrid","Spain"
"2018",89,"Matthijs de Ligt","Defender",19,"Netherlands","Ajax","Netherlands"
"2018",90,"Gonzalo Higuaín","Forward",31,"Argentina","Milan","Italy"
"2018",91,"Willian","Forward",30,"Brazil","Chelsea","England"
"2018",92,"Frenkie de Jong","Midfielder",21,"Netherlands","Ajax","Netherlands"
"2018",93,"Lucas Torreira","Midfielder",22,"Uruguay","Arsenal","England"
"2018",94,"Gonzalo Martínez","Midfielder",25,"Argentina","River Plate","Argentina"
"2018",95,"Nabil Fékir","Forward",25,"France","Lyon","France"
"2018",96,"Axel Witsel","Midfielder",29,"Belgium","Borussia Dortmund","Germany"
"2018",97,"Olivier Giroud","Forward",32,"France","Chelsea","England"
"2018",98,"Hirving Lozano","Forward",23,"Mexico","PSV Eindhoven","Netherlands"
"2018",99,"Mesut Özil","Midfielder",30,"Germany","Arsenal","England"
"2018",100,"José María Giménez","Defender",23,"Uruguay","Atlético Madrid","Spain"
"2019",1,"Lionel Messi","Forward",32,"Argentina","Barcelona","Spain"
"2019",2,"Virgil van Dijk","Defender",28,"Netherlands","Liverpool","England"
"2019",3,"Sadio Mané","Forward",27,"Senegal","Liverpool","England"
"2019",4,"Cristiano Ronaldo","Forward",34,"Portugal","Juventus","Italy"
"2019",5,"Mohamed Salah","Forward",27,"Egypt","Liverpool","England"
"2019",6,"Kylian Mbappé","Forward",21,"France","Paris Saint-Germain","France"
"2019",7,"Robert Lewandowski","Forward",31,"Poland","Bayern Munich","Germany"
"2019",8,"Raheem Sterling","Forward",25,"England","Manchester City","England"
"2019",9,"Alisson","Goalkeeper",27,"Brazil","Liverpool","England"
"2019",10,"Frenkie de Jong","Midfielder",22,"Netherlands","Barcelona","Spain"
"2019",11,"Roberto Firmino","Forward",28,"Brazil","Liverpool","England"
"2019",12,"Kevin De Bruyne","Midfielder",28,"Belgium","Manchester City","England"
"2019",13,"Sergio Agüero","Forward",31,"Argentina","Manchester City","England"
"2019",14,"Eden Hazard","Forward",28,"Belgium","Real Madrid","Spain"
"2019",15,"Harry Kane","Forward",26,"England","Tottenham Hotspur","England"
"2019",16,"Bernardo Silva","Midfielder",25,"Portugal","Manchester City","England"
"2019",17,"Trent Alexander-Arnold","Defender",21,"England","Liverpool","England"
"2019",18,"Matthijs de Ligt","Defender",20,"Netherlands","Juventus","Italy"
"2019",19,"Son Heung-min","Forward",27,"South Korea","Tottenham Hotspur","England"
"2019",20,"Karim Benzema","Forward",32,"France","Real Madrid","Spain"
"2019",21,"Marc-André ter Stegen","Goalkeeper",27,"Germany","Barcelona","Spain"
"2019",22,"N'Golo Kanté","Midfielder",28,"France","Chelsea","England"
"2019",23,"Andrew Robertson","Defender",25,"Scotland","Liverpool","England"
"2019",24,"Jan Oblak","Goalkeeper",26,"Slovenia","Atlético Madrid","Spain"
"2019",25,"Antoine Griezmann","Forward",28,"France","Barcelona","Spain"
"2019",26,"Luis Suárez","Forward",32,"Uruguay","Barcelona","Spain"
"2019",27,"Dusan Tadic","Forward",31,"Serbia","Ajax","Netherlands"
"2019",28,"Pierre-Emerick Aubameyang","Forward",30,"Gabon","Arsenal","England"
"2019",29,"Hakim Ziyech","Midfielder",26,"Netherlands","Ajax","Netherlands"
"2019",30,"Kalidou Koulibaly","Defender",28,"Senegal","Napoli","Italy"
"2019",31,"Neymar","Forward",27,"Brazil","Paris Saint-Germain","France"
"2019",32,"Jadon Sancho","Forward",19,"England","Borussia Dortmund","Germany"
"2019",33,"Donny van de Beek","Midfielder",22,"Netherlands","Ajax","Netherlands"
"2019",34,"Fabinho","Midfielder",26,"Brazil","Liverpool","England"
"2019",35,"João Félix","Forward",20,"Portugal","Atlético Madrid","Spain"
"2019",36,"Sergio Ramos","Defender",33,"Spain","Real Madrid","Spain"
"2019",37,"Joshua Kimmich","Defender",24,"Germany","Bayern Munich","Germany"
"2019",38,"Serge Gnabry","Forward",24,"Germany","Bayern Munich","Germany"
"2019",39,"Ángel Di María","Midfielder",31,"Argentina","Paris Saint-Germain","France"
"2019",40,"Ederson","Goalkeeper",26,"Brazil","Manchester City","England"
"2019",41,"Christian Eriksen","Midfielder",27,"Denmark","Tottenham Hotspur","England"
"2019",42,"Paulo Dybala","Forward",26,"Argentina","Juventus","Italy"
"2019",43,"Georginio Wijnaldum","Midfielder",29,"Netherlands","Liverpool","England"
"2019",44,"Toni Kroos","Midfielder",29,"Germany","Real Madrid","Spain"
"2019",45,"Luka Modric","Midfielder",34,"Croatia","Real Madrid","Spain"
"2019",46,"David Silva","Midfielder",33,"Spain","Manchester City","England"
"2019",47,"Lautaro Martínez ","Forward",22,"Argentina","Internazionale","Italy"
"2019",48,"Jamie Vardy","Forward",32,"England","Leicester City","England"
"2019",49,"Riyad Mahrez","Forward",28,"Algeria","Manchester City","England"
"2019",50,"Miralem Pjanic","Midfielder",29,"Bosnia-Herzegovina","Juventus","Italy"
"2019",51,"Romelu Lukaku","Forward",26,"Belgium","Internazionale","Italy"
"2019",52,"Gabriel Barbosa","Forward",23,"Brazil","Flamengo","Brazil"
"2019",53,"Erling Braut Haaland","Forward",19,"Norway","RB Salzburg","Austria"
"2019",54,"Aymeric Laporte","Defender",25,"France","Manchester City","England"
"2019",55,"Paul Pogba","Midfielder",26,"France ","Manchester United","England"
"2019",56,"Edinson Cavani","Forward",32,"Uruguay","Paris Saint-Germain","France"
"2019",57,"Dani Alves","Defender",36,"Brazil","São Paulo FC","Brazil"
"2019",58,"Fernandinho","Midfielder",34,"Brazil","Manchester City","England"
"2019",59,"Timo Werner","Forward",23,"Germany","RB Leipzig","Germany"
"2019",60,"Mauro Icardi","Forward",26,"Argentina","Paris Saint-Germain","France"
"2019",61,"Casemiro","Midfielder",27,"Brazil","Real Madrid","Spain"
"2019",62,"Jorginho","Midfielder",28,"Italy","Chelsea","England"
"2019",63,"Ciro Immobile","Forward",29,"Italy","Lazio","Italy"
"2019",64,"Duván Zapata","Forward",28,"Colombia","Atalanta","Italy"
"2019",65,"Jordi Alba","Defender",30,"Spain","Barcelona","Spain"
"2019",66,"Bruno Henrique","Forward",28,"Brazil","Flamengo","Brazil"
"2019",67,"Lucas Moura","Forward",27,"Brazil","Tottenham Hotspur","England"
"2019",68,"Thiago Silva","Defender",35,"Brazil","Paris Saint-Germain","France"
"2019",69,"Bruno Fernandes","Midfielder",25,"Portugal","Sporting Lisbon","Portugal"
"2019",70,"Giorgio Chiellini","Defender",35,"Italy","Juventus","Italy"
"2019",71,"Marquinhos","Defender",25,"Brazil","Paris Saint-Germain","France"
"2019",72,"Marcus Rashford","Forward",22,"England","Manchester United","England"
"2019",73,"Raphaël Varane","Defender",26,"France","Real Madrid","Spain"
"2019",74,"Jordan Henderson","Midfielder",29,"England","Liverpool","England"
"2019",75,"Gabriel Jesus","Forward",22,"Brazil","Manchester City","England"
"2019",76,"Memphis Depay","Forward",25,"Netherlands","Lyon","France"
"2019",77,"Arthur","Midfielder",23,"Brazil","Barcelona","Spain"
"2019",78,"Dries Mertens","Forward",32,"Belgium","Napoli","Italy"
"2019",79,"Sergio Busquets","Midfielder",31,"Spain","Barcelona","Spain"
"2019",80,"Marco Reus","Forward",30,"Germany","Borussia Dortmund","Germany"
"2019",81,"Marco Verratti","Midfielder",27,"Italy","Paris Saint-Germain","France"
"2019",82,"Gerard Piqué","Defender",32,"Spain","Barcelona","Spain"
"2019",83,"José María Giménez","Defender",24,"Uruguay","Atlético Madrid","Spain"
"2019",84,"Teemu Pukki","Forward",29,"Finland","Norwich City","England"
"2019",85,"Diego Godín","Defender",33,"Uruguay","Internazionale","Italy"
"2019",86,"Kai Havertz","Midfielder",20,"Germany","Bayer Leverkusen","Germany"
"2019",87,"Tammy Abraham","Forward",22,"England","Chelsea","England"
"2019",88,"Hugo Lloris","Goalkeeper",32,"France","Tottenham Hotspur","England"
"2019",89,"Dele Alli","Midfielder",23,"England","Tottenham Hotspur","England"
"2019",90,"Achraf Hakimi","Defender",21,"Morocco","Borussia Dortmund","Germany"
"2019",91,"Leroy Sané","Forward",23,"Germany","Manchester City","England"
"2019",92,"Everton","Forward",23,"Brazil","Grêmio","Brazil"
"2019",93,"David de Gea","Goalkeeper",29,"Spain","Manchester United","England"
"2019",94,"Fabio Quagliarella","Forward",36,"Italy","Sampdoria","Italy"
"2019",95,"Idrissa Gueye","Midfielder",30,"Senegal","Paris Saint-Germain","France"
"2019",96,"Zlatan Ibrahimovic","Forward",38,"Sweden","LA Galaxy","USA"
"2019",97,"Santi Cazorla","Midfielder",35,"Spain","Villarreal","Spain"
"2019",98,"Samir Handanovic","Goalkeeper",35,"Slovenia","Internazionale","Italy"
"2019",99,"Alexandre Lacazette","Forward",28,"France","Arsenal","England"
"2019",100,"Philippe Coutinho","Forward",27,"Brazil","Bayern Munich","Germany"
"2020",1,"Robert Lewandowski","Forward",32,"Poland","Bayern Munich","Germany"
"2020",2,"Lionel Messi","Forward",33,"Argentina","Barcelona","Spain"
"2020",3,"Cristiano Ronaldo","Forward",35,"Portugal","Juventus","Italy"
"2020",4,"Kevin De Bruyne","Midfielder",29,"Belgium","Manchester City","England"
"2020",5,"Sadio Mané","Forward",28,"Senegal","Liverpool","England"
"2020",6,"Erling Braut Haaland","Forward",20,"Norway","Borussia Dortmund","Germany"
"2020",7,"Kylian Mbappé","Forward",22,"France","Paris Saint-Germain","France"
"2020",8,"Mohamed Salah","Forward",28,"Egypt","Liverpool","England"
"2020",9,"Neymar","Forward",28,"Brazil","Paris Saint-Germain","France"
"2020",10,"Virgil van Dijk","Defender",29,"Netherlands","Liverpool","England"
"2020",11,"Joshua Kimmich","Midfielder",25,"Germany","Bayern Munich","Germany"
"2020",12,"Karim Benzema","Forward",33,"France","Real Madrid","Spain"
"2020",13,"Sergio Ramos","Defender",34,"Spain","Real Madrid","Spain"
"2020",14,"Thomas Müller","Forward",31,"Germany","Bayern Munich","Germany"
"2020",15,"Manuel Neuer","Goalkeeper",34,"Germany","Bayern Munich","Germany"
"2020",16,"Serge Gnabry","Winger",25,"Germany","Bayern Munich","Germany"
"2020",17,"Thiago Alcântara","Midfielder",29,"Spain","Liverpool","England"
"2020",18,"Trent Alexander-Arnold","Defender",22,"England","Liverpool","England"
"2020",19,"Romelu Lukaku","Forward",27,"Belgium","Internazionale","Italy"
"2020",20,"Harry Kane","Forward",27,"England","Tottenham Hotspur","England"
"2020",21,"Bruno Fernandes","Midfielder",26,"Portugal","Manchester United","England"
"2020",22,"Son Heung-min","Winger",28,"South Korea","Tottenham Hotspur","England"
"2020",23,"Alphonso Davies","Defender",20,"Canada","Bayern Munich","Germany"
"2020",24,"Ciro Immobile","Forward",30,"Italy","Lazio","Italy"
"2020",25,"Zlatan Ibrahimovic","Forward",39,"Sweden","Milan","Italy"
"2020",26,"Alisson","Goalkeeper",28,"Brazil","Liverpool","England"
"2020",27,"Raheem Sterling","Winger",26,"England","Manchester City","England"
"2020",28,"Jan Oblak","Goalkeeper",27,"Slovenia","Atlético Madrid","Spain"
"2020",29,"Jadon Sancho","Winger",20,"England","Borussia Dortmund","Germany"
"2020",30,"Timo Werner","Forward",24,"Germany","Chelsea","England"
"2020",31,"David Alaba","Defender",28,"Austria","Bayern Munich","Germany"
"2020",32,"Alejandro ""Papu"" Gómez","Forward",32,"Argentina","Atalanta","Italy"
"2020",33,"Jordan Henderson","Midfielder",30,"England","Liverpool","England"
"2020",34,"Andrew Robertson","Defender",26,"Scotland","Liverpool","England"
"2020",35,"Jamie Vardy","Forward",33,"England","Leicester City","England"
"2020",36,"Pierre-Emerick Aubameyang","Winger",31,"Gabon","Arsenal","England"
"2020",37,"João Félix","Forward",21,"Portugal","Atlético Madrid","Spain"
"2020",38,"Ángel Di María","Winger",32,"Argentina","Paris Saint-Germain","France"
"2020",39,"Paulo Dybala","Forward",27,"Argentina","Juventus","Italy"
"2020",40,"Leon Goretzka","Midfielder",25,"Germany","Bayern Munich","Germany"
"2020",41,"Marcus Rashford","Winger",23,"England","Manchester United","England"
"2020",42,"Toni Kroos","Midfielder",30,"Germany","Real Madrid","Spain"
"2020",43,"Roberto Firmino","Forward",29,"Brazil","Liverpool","England"
"2020",44,"Lautaro Martínez ","Forward",23,"Argentina","Internazionale","Italy"
"2020",45,"Ansu Fati","Winger",18,"Spain","Barcelona","Spain"
"2020",46,"Thibaut Courtois","Goalkeeper",28,"Belgium","Real Madrid","Spain"
"2020",47,"Kingsley Coman","Winger",24,"France","Bayern Munich","Germany"
"2020",48,"Marc-André ter Stegen","Goalkeeper",28,"Germany","Barcelona","Spain"
"2020",49,"Marquinhos","Defender",26,"Brazil","Paris Saint-Germain","France"
"2020",50,"Kai Havertz","Midfielder",21,"Germany","Chelsea","England"
"2020",51,"Fabinho","Midfielder",27,"Brazil","Liverpool","England"
"2020",52,"Dayot Upamecano","Defender",22,"France","RB Leipzig","Germany"
"2020",53,"Lucas Ocampos","Winger",26,"Argentina","Sevilla","Spain"
"2020",54,"Thiago Silva","Defender",36,"Brazil","Chelsea","England"
"2020",55,"N'Golo Kanté","Midfielder",29,"France","Chelsea","England"
"2020",56,"Casemiro","Midfielder",28,"Brazil","Real Madrid","Spain"
"2020",57,"Duván Zapata","Forward",29,"Colombia","Atalanta","Italy"
"2020",58,"Luis Suárez","Forward",33,"Uruguay","Atlético Madrid","Spain"
"2020",59,"Jack Grealish","Midfielder",25,"England","Aston Villa","England"
"2020",60,"Hakim Ziyech","Winger",27,"Morocco","Chelsea","England"
"2020",61,"Josip Ilicic","Forward",32,"Slovenia","Atalanta","Italy"
"2020",62,"Kalidou Koulibaly","Defender",29,"Senegal","Napoli","Italy"
"2020",63,"Diogo Jota","Winger",24,"Portugal","Liverpool","England"
"2020",64,"Memphis Depay","Winger",26,"Netherlands","Lyon","France"
"2020",65,"Sergio Agüero","Forward",32,"Argentina","Manchester City","England"
"2020",66,"Federico Valverde","Midfielder",22,"Uruguay","Real Madrid","Spain"
"2020",67,"Keylor Navas","Goalkeeper",34,"Costa Rica","Paris Saint-Germain","France"
"2020",68,"Marcel Sabitzer","Winger",26,"Austria","RB Leipzig","Germany"
"2020",69,"Matthijs de Ligt","Defender",21,"Netherlands","Juventus","Italy"
"2020",70,"Bernardo Silva","Winger",26,"Portugal","Manchester City","England"
"2020",71,"Luka Modric","Midfielder",35,"Croatia","Real Madrid","Spain"
"2020",72,"Houssem Aouar","Midfielder",22,"France","Lyon","France"
"2020",73,"Georginio Wijnaldum","Midfielder",30,"Netherlands","Liverpool","England"
"2020",74,"Martin Ødegaard","Midfielder",22,"Norway","Real Madrid","Spain"
"2020",75,"Leroy Sané","Winger",24,"Germany","Bayern Munich","Germany"
"2020",76,"Achraf Hakimi","Defender",22,"Morocco","Internazionale","Italy"
"2020",77,"Riyad Mahrez","Winger",29,"Algeria","Manchester City","England"
"2020",78,"Raúl Jiménez","Forward",29,"Mexico","Wolverhampton Wanderers","England"
"2020",79,"Frenkie de Jong","Midfielder",23,"Netherlands","Barcelona","Spain"
"2020",80,"Dominic Calvert-Lewin","Forward",23,"England","Everton","England"
"2020",81,"Philippe Coutinho","Midfielder",28,"Brazil","Barcelona","Spain"
"2020",82,"Richarlison","Forward",23,"Brazil","Everton","England"
"2020",83,"Eden Hazard","Forward",29,"Belgium","Real Madrid","Spain"
"2020",84,"Dries Mertens","Forward",33,"Belgium","Napoli","Italy"
"2020",85,"Thomas Partey","Midfielder",27,"Ghana","Arsenal","England"
"2020",86,"Jesús Navas","Defender",35,"Spain","Sevilla","Spain"
"2020",87,"Eduardo Camavinga","Midfielder",18,"France","Rennes","France"
"2020",88,"Marcos Llorente","Forward",25,"Spain","Atlético Madrid","Spain"
"2020",89,"Ederson","Goalkeeper",27,"Brazil","Manchester City","England"
"2020",90,"Antoine Griezmann","Forward",29,"France","Barcelona","Spain"
"2020",91,"Robin Gosens","Defender",26,"Germany","Atalanta","Italy"
"2020",92,"Nicolò Barella","Midfielder",23,"Italy","Internazionale","Italy"
"2020",93,"Éver Banega","Midfielder",32,"Argentina","Al Shabab","Saudi Arabia"
"2020",94,"Ferran Torres ","Winger",20,"Spain","Manchester City","England"
"2020",95,"Álvaro Morata","Forward",28,"Spain","Juventus","Italy"
"2020",96,"Dominik Szoboszlai","Midfielder",20,"Hungary","Red Bull Salzburg","Austria"
"2020",97,"Jérôme Boateng","Defender",32,"Germany","Bayern Munich","Germany"
"2020",98,"Luis Alberto","Midfielder",28,"Spain","Lazio","Italy"
"2020",99,"Presnel Kimpembe","Defender",25,"France","Paris Saint-Germain","France"
"2020",100,"Wissam Ben Yedder","Forward",30,"France","Monaco","France"
"2021",1,"Robert Lewandowski","Forward",33,"Poland","Bayern Munich","Germany"
"2021",2,"Lionel Messi","Forward",34,"Argentina","Paris Saint-Germain","France"
"2021",3,"Mohamed Salah","Forward",29,"Egypt","Liverpool","England"
"2021",4,"Karim Benzema","Forward",34,"France","Real Madrid","Spain"
"2021",5,"Jorginho","Midfielder",30,"Italy","Chelsea","England"
"2021",6,"Kylian Mbappé","Forward",23,"France","Paris Saint-Germain","France"
"2021",7,"Erling Haaland","Forward",21,"Norway","Borussia Dortmund","Germany"
"2021",8,"Cristiano Ronaldo","Forward",36,"Portugal","Manchester United","England"
"2021",9,"N'Golo Kanté","Midfielder",30,"France","Chelsea","England"
"2021",10,"Kevin De Bruyne","Midfielder",30,"Belgium","Manchester City","England"
"2021",11,"Romelu Lukaku","Forward",28,"Belgium","Chelsea","England"
"2021",12,"Gianluigi Donnarumma","Goalkeeper",22,"Italy","Paris Saint-Germain","France"
"2021",13,"Neymar","Forward",29,"Brazil","Paris Saint-Germain","France"
"2021",14,"Rúben Dias","Defender",24,"Portugal","Manchester City","England"
"2021",15,"Harry Kane","Forward",28,"England","Tottenham Hotspur","England"
"2021",16,"Bruno Fernandes","Midfielder",27,"Portugal","Manchester United","England"
"2021",17,"Federico Chiesa","Forward",24,"Italy","Juventus","Italy"
"2021",18,"Joshua Kimmich","Midfielder",26,"Germany","Bayern Munich","Germany"
"2021",19,"Luis Suárez","Forward",34,"Uruguay","Atlético Madrid","Spain"
"2021",20,"Édouard Mendy","Goalkeeper",29,"Senegal","Chelsea","England"
"2021",21,"Pedri","Midfielder",19,"Spain","Barcelona","Spain"
"2021",22,"Leonardo Bonucci","Defender",34,"Italy","Juventus","Italy"
"2021",23,"Sadio Mané","Forward",29,"Senegal","Liverpool","England"
"2021",24,"Giorgio Chiellini","Defender",37,"Italy","Juventus","Italy"
"2021",25,"Phil Foden","Forward",21,"England","Manchester City","England"
"2021",26,"Nicolò Barella","Midfielder",24,"Italy","Internazionale","Italy"
"2021",27,"Mason Mount","Midfielder",22,"England","Chelsea","England"
"2021",28,"Thomas Müller","Forward",32,"Germany","Bayern Munich","Germany"
"2021",29,"Raheem Sterling","Winger",27,"England","Manchester City","England"
"2021",30,"Lautaro Martínez","Forward",24,"Argentina","Internazionale","Italy"
"2021",31,"Vinícius Júnior","Forward",21,"Brazil","Real Madrid","Spain"
"2021",32,"Ángel Di María","Winger",33,"Argentina","Paris Saint-Germain","France"
"2021",33,"Jan Oblak","Goalkeeper",28,"Slovenia","Atlético Madrid","Spain"
"2021",34,"Trent Alexander-Arnold","Defender",23,"England","Liverpool","England"
"2021",35,"Ilkay Gündogan","Midfielder",31,"Germany","Manchester City","England"
"2021",36,"Manuel Neuer","Goalkeeper",35,"Germany","Bayern Munich","Germany"
"2021",37,"Marco Verratti","Midfielder",29,"Italy","Paris Saint-Germain","France"
"2021",38,"Achraf Hakimi","Defender",23,"Morocco","Paris Saint-Germain","France"
"2021",39,"Son Heung-min","Winger",29,"South Korea","Tottenham Hotspur","England"
"2021",40,"Luka Modric","Midfielder",36,"Croatia","Real Madrid","Spain"
"2021",41,"Serge Gnabry","Winger",26,"Germany","Bayern Munich","Germany"
"2021",42,"Alphonso Davies","Defender",21,"Canada","Bayern Munich","Germany"
"2021",43,"Virgil van Dijk","Defender",30,"Netherlands","Liverpool","England"
"2021",44,"Marquinhos","Defender",27,"Brazil","Paris Saint-Germain","France"
"2021",45,"Bernardo Silva","Forward",27,"Portugal","Manchester City","England"
"2021",46,"Rodrigo De Paul","Midfielder",27,"Argentina","Atlético Madrid","Spain"
"2021",47,"Kai Havertz","Forward",22,"Germany","Chelsea","England"
"2021",48,"Antonio Rüdiger","Defender",28,"Germany","Chelsea","England"
"2021",49,"Memphis Depay","Forward",27,"Netherlands","Barcelona","Spain"
"2021",50,"César Azpilicueta","Defender",32,"Spain","Chelsea","England"
"2021",51,"Gerard Moreno","Forward",29,"Spain","Villarreal","Spain"
"2021",52,"Emiliano Martínez","Goalkeeper",29,"Argentina","Aston Villa","England"
"2021",53,"Thibaut Courtois","Goalkeeper",29,"Belgium","Real Madrid","Spain"
"2021",54,"Simon Kjær","Defender",32,"Denmark","Milan","Italy"
"2021",55,"David Alaba","Defender",29,"Austria","Real Madrid","Spain"
"2021",56,"Zlatan Ibrahimovic","Forward",40,"Sweden","Milan","Italy"
"2021",57,"Dusan Vlahovic","Forward",21,"Serbia","Fiorentina","Italy"
"2021",58,"Thiago Silva","Defender",37,"Brazil","Chelsea","England"
"2021",59,"Declan Rice","Midfielder",22,"England","West Ham United","England"
"2021",60,"Riyad Mahrez","Winger",30,"Algeria","Manchester City","England"
"2021",61,"Jack Grealish","Midfielder",26,"England","Manchester City","England"
"2021",62,"Lorenzo Insigne","Forward",30,"Italy","Napoli","Italy"
"2021",63,"João Cancelo","Defender",27,"Portugal","Manchester City","England"
"2021",64,"Leon Goretzka","Midfielder",26,"Germany","Bayern Munich","Germany"
"2021",65,"Toni Kroos","Midfielder",31,"Germany","Real Madrid","Spain"
"2021",66,"Ciro Immobile","Forward",31,"Italy","Lazio","Italy"
"2021",67,"Alisson","Goalkeeper",29,"Brazil","Liverpool","England"
"2021",68,"Casemiro","Midfielder",29,"Brazil","Real Madrid","Spain"
"2021",69,"Paul Pogba","Midfielder",28,"France ","Manchester United","England"
"2021",70,"Reece James","Defender",22,"England","Chelsea","England"
"2021",71,"Marcos Llorente","Midfielder",26,"Spain","Atlético Madrid","Spain"
"2021",72,"Jude Bellingham","Midfielder",18,"England","Borussia Dortmund","Germany"
"2021",73,"Leonardo Spinazzola","Defender",28,"Italy","Roma","Italy"
"2021",74,"Kyle Walker","Defender",31,"England","Manchester City","England"
"2021",75,"Ederson","Goalkeeper",28,"Brazil","Manchester City","England"
"2021",76,"Antoine Griezmann","Forward",30,"France","Atlético Madrid","Spain"
"2021",77,"Kasper Schmeichel","Goalkeeper",35,"Denmark","Leicester City","England"
"2021",78,"Luke Shaw","Defender",26,"England","Manchester United","England"
"2021",79,"Patrik Schick","Forward",25,"Czech Republic","Bayer Leverkusen","Germany"
"2021",80,"Roberto Firmino","Forward",30,"Brazil","Liverpool","England"
"2021",81,"Marcelo Brozovic","Midfielder",29,"Croatia","Internazionale","Italy"
"2021",82,"Sergio Busquets","Midfielder",33,"Spain","Barcelona","Spain"
"2021",83,"Duván Zapata","Forward",30,"Colombia","Atalanta","Italy"
"2021",84,"João Félix","Forward",22,"Portugal","Atlético Madrid","Spain"
"2021",85,"Burak Yilmaz","Forward",36,"Turkey","Lille","France"
"2021",86,"Mikel Oyarzabal","Winger",24,"Spain","Real Sociedad","Spain"
"2021",87,"Luis Díaz","Midfielder",24,"Colombia","Porto","Portugal"
"2021",88,"Diogo Jota","Winger",25,"Portugal","Liverpool","England"
"2021",89,"Dusan Tadic","Winger",33,"Serbia","Ajax","Netherlands"
"2021",90,"Dani Olmo","Forward",23,"Spain","RB Leipzig","Germany"
"2021",91,"Julián Álvarez","Forward",21,"Argentina","River Plate","Argentina"
"2021",92,"Rodri","Midfielder",25,"Spain","Manchester City","England"
"2021",93,"Sébastien Haller","Forward",27,"Ivory Coast","Ajax","Netherlands"
"2021",94,"Keylor Navas","Goalkeeper",35,"Costa Rica","Paris Saint-Germain","France"
"2021",95,"Bukayo Saka","Midfielder",20,"England","Arsenal","England"
"2021",96,"Joakim Mæhle","Defender",24,"Denmark","Atalanta","Italy"
"2021",97,"Fabinho","Midfielder",28,"Brazil","Liverpool","England"
"2021",98,"Gavi","Midfielder",17,"Spain","Barcelona","Spain"
"2021",99,"Youri Tielemans","Midfielder",24,"Belgium","Leicester City","England"
"2021",100,"Pierre-Emile Højbjerg","Midfielder",26,"Denmark","Tottenham Hotspur","England"
